{
    "products": [
        {
            "id": "ymh001",
            "merk": "yamaha",
            "type": "Soul GT AKS SSS",
            "spesifikasi": {
                "Mesin": "125cc",
                "tahun": 2019,
                "kilometer": 1209,
                "detail": [
                    "Mesin Blue Core 125cc, yang Efisien, Bertenaga & Handal",
                    "Stop & Start System (SSS), Fitur Eksklusif dengan system otomatis yang membuat mesin mati saat berhenti lebih dari 5 detik",
                    "Advanced Key System (AKS), Tekan sekali untuk menemukan motormu, dan tekan lebih lama untuk membuka penutup kunci.",
                    "Smart Lock System, Membantu pengereman saat kondisi jalan menanjak dan menurun."
                ]
            },
            "foto": [
                "Image/yamaha/Yamaha Soul GT AKS SSS.png",
                "dan image lainnya klau ada"
            ],
            "harga": {
                "harian": 100000,
                "mingguan": 500000
            },
            "special": false
        },
        {
            "id": "ymh002",
            "merk": "yamaha",
            "type": "Xride",
            "spesifikasi": {
                "Mesin": "125cc",
                "tahun": 2017,
                "kilometer": 1209,
                "detail": [
                    "Mesin Blue Core, 125cc yang Efisien, Bertenaga & Handal",
                    "Answer Back System, Fitur canggih untuk menemukan lokasi motor",
                    "Speedometer with eco indicator, Indikator irit untuk berkendara lebih ekonomis dan aman",
                    "Teknologi Diasil Cyclinder & Forged Piston"
                ]
            },
            "foto": [
                "Image/yamaha/Yamaha Xride.png",
                "dan image lainnya klau ada"
            ],
            "harga": {
                "harian": 100000,
                "mingguan": 500000
            },
            "special": false
        },
        {
            "id": "ymh003",
            "merk": "yamaha",
            "type": "Mio 3",
            "spesifikasi": {
                "Mesin": "125cc",
                "tahun": 2020,
                "kilometer": 1209,
                "detail": [
                    "Mesin Blue Core, 125cc yang Efisien, Bertenaga & Handal",
                    "Tangki 4.2 L, Kapasitas tangki bahan bakar paling besar dikelasnya",
                    "Smart Stand Side Switch, Lebih aman dan informatif menghindari pengedara lupa menaikan standar Samping saat motor diparkir"
                ]
            },
            "foto": [
                "Image/yamaha/Yamaha Mio M3.png"
            ],
            "harga": {
                "harian": 100000,
                "mingguan": 500000
            },
            "special": false
        },
        {
            "id": "ymh004",
            "merk": "yamaha",
            "type": "Fino Sporty",
            "spesifikasi": {
                "Mesin": "125cc",
                "tahun": 2019,
                "kilometer": 1209,
                "detail": [
                    "Mesin Blue Core 125cc, yang Efisien, Bertenaga & Handal",
                    "Stop & Start System (SSS), Fitur Eksklusif dengan system otomatis yang membuat mesin mati saat berhenti lebih dari 5 detik",
                    "Advanced Key System (AKS), Tekan sekali untuk menemukan motormu, dan tekan lebih lama untuk membuka penutup kunci.",
                    "S Shape Design, Design Body yang elegan"
                ]
            },
            "foto": [
                "Image/yamaha/Yamaha Fino Sporty.png"
            ],
            "harga": {
                "harian": 100000,
                "mingguan": 500000
            },
            "special": false
        },
        {
            "id": "ymh005",
            "merk": "yamaha",
            "type": "Aerox 155",
            "spesifikasi": {
                "Mesin": "155cc",
                "tahun": 2018,
                "kilometer": 1209,
                "detail": [
                    "New Generation 155CC LC4V Blue Core Engine, Mesin 155cc generasi baru yang dilengkapi dengan \"Variable Valve Actuation\" (VVA) membuat performa tarikan mesin lebih bertenaga",
                    "LCD Display, Speedometer Full Digital MID ( Multifunction Information Display ) yang modern dan informatif bagi pengendara",
                    "Electric Power Socket, Semakin praktis dengan \"Electric Power Socket\" untuk mengisi daya gadget pengendara"
                ]
            },
            "foto": [
                "Image/yamaha/Yamaha Aerox 155.png"
            ],
            "harga": {
                "harian": 100000,
                "mingguan": 500000
            },
            "special": false
        },
        {
            "id": "ymh006",
            "merk": "yamaha",
            "type": "Byson FI",
            "spesifikasi": {
                "Mesin": "150cc",
                "tahun": 2015,
                "kilometer": 1209,
                "detail": [
                    "Eco Friendly 150CC FI Engine, Fuel injection bertenaga responsif, lulus uji emisi Euro 3",
                    "Full Digital Multifunctional Speedometer, Layar Speedometer full digital yang multi fungsi yang dilengkapi trip meter Dan eco indicator",
                    "Muscular Midship Muffler, Knalpot model midship dengan desain baru yang lebih compact"
                ]
            },
            "foto": [
                "Image/yamaha/Yamaha Byson Fi.png"
            ],
            "harga": {
                "harian": 100000,
                "mingguan": 500000
            },
            "special": false
        },
        {
            "id": "ymh007",
            "merk": "yamaha",
            "type": "NMAX 155",
            "spesifikasi": {
                "Mesin": "155cc",
                "tahun": 2018,
                "kilometer": 1209,
                "detail": [
                    "Blue Core, Mesin Blue Core 155 VVA yang Efisien, Bertenaga & Handal",
                    "New – Inverted LCD Digital Speedometer, Dengan inverted LCD digital speedometer baru yang lebih stylish, modern, dan informatif bagi pengendara yang dilengkapi dengan 'Multi Information Display' (MID)",
                    "Variable Valves Actuation (VVA), Teknologi VVA menjaga tenaga dan torsi maksimum di setiap putaran mesin",
                    "Maximum Comfort, Kombinasi antara MAXI Style (big body size) dan compact scooter (Easy Access)"
                ]
            },
            "foto": [
                "Image/yamaha/Yamaha Nmax 155.png"
            ],
            "harga": {
                "harian": 100000,
                "mingguan": 500000
            },
            "special": false
        },
        {
            "id": "ymh007",
            "merk": "yamaha",
            "type": "Vixion R",
            "spesifikasi": {
                "Mesin": "155cc",
                "tahun": 2016,
                "kilometer": 1209,
                "detail": [
                    "Engine 155CC LC4V with VVA, Mesin 155 cc, 6 percepatan, 4 Katup, dan dilengkapi Variable Valve Actuation (VVA) akan menjadikan torsi Merata di setiap putaran mesin",
                    "Monocross Suspension, Motor lebih stabil saat berkendara",
                    "DeltaBox Frame, Rangka Deltabox yang kuat dan kokoh, membuat berkendara lebih stabil"
                ]
            },
            "foto": [
                "Image/yamaha/Yamaha Vixion R.png"
            ],
            "harga": {
                "harian": 100000,
                "mingguan": 500000
            },
            "special": false
        },
        {
            "id": "ymh008",
            "merk": "yamaha",
            "type": "YZF R15",
            "spesifikasi": {
                "Mesin": "155cc",
                "tahun": 2018,
                "kilometer": 1209,
                "detail": [
                    "Engine 155CC LC4V with VVA, Mesin 155 cc, 6 percepatan, 4 Katup, dan dilengkapi Variable Valve Actuation (VVA) akan menjadikan torsi Merata di setiap putaran mesin",
                    "Full Digital Speedometer + Shift Timing Light, Speedometer digital multifungsi, Lebih Informatif dan mudah terlihat, dilengkapi juga dengan shift timing light memudahkan pengendara memperoleh performa optimal",
                    "Forged Piston & Diasil Cyclinder, 3X Lebih Awet, 3X Lebih Kuat, 3X Lebih Ringan"
                ]
            },
            "foto": [
                "Image/yamaha/Yamaha YZF.png"
            ],
            "harga": {
                "harian": 100000,
                "mingguan": 500000
            },
            "special": false
        },
        {
            "id": "hnd001",
            "merk": "Honda",
            "type": "Scoopy",
            "spesifikasi": {
                "Mesin": "110cc",
                "tahun": 2017,
                "kilometer": 1209,
                "detail": [
                    "Memiliki Desain Elegan dan Klasik",
                    "Irir Bahan Bakar",
                    "Power Charger",
                    "Terdapat Alarm",
                    "Ruang Bagasi Luas",
                    "Lampu Depan LED",
                    "Ban Tubeless Tapak Lebar",
                    "Combi Brake System",
                    "Speedometer Modern"
                ]
            },
            "foto": [
                "Image/honda/Honda Scoopy.png"
            ],
            "harga": {
                "harian": 100000,
                "mingguan": 500000
            },
            "special": false
        },
        {
            "id": "hnd002",
            "merk": "Honda",
            "type": "Vario",
            "spesifikasi": {
                "Mesin": "125cc",
                "tahun": 2017,
                "kilometer": 1209,
                "detail": [
                    "Desain Mewah",
                    "Ruang Bagasi Luas",
                    "Fitur Berlimpah"
                ]
            },
            "foto": [
                "Image/honda/Honda Vario 125.png"
            ],
            "harga": {
                "harian": 100000,
                "mingguan": 500000
            },
            "special": false
        },
        {
            "id": "hnd003",
            "merk": "Honda",
            "type": "Beat",
            "spesifikasi": {
                "Mesin": "110cc",
                "tahun": 2018,
                "kilometer": 1209,
                "detail": [
                    "Mesin Generasi Terbaru",
                    "Irit Bahan Bakar",
                    "Body Lebih Sporty",
                    "Fitur yang Canggih"
                ]
            },
            "foto": [
                "Image/honda/Honda beat.png"
            ],
            "harga": {
                "harian": 100000,
                "mingguan": 500000
            },
            "special": false
        },
        {
            "id": "hnd004",
            "merk": "Honda",
            "type": "PCX Hybrid",
            "spesifikasi": {
                "Mesin": "150cc",
                "tahun": 2019,
                "kilometer": 1209,
                "detail": [
                    "Memiliki system motor assist",
                    "Tenaga dan torsi bertambah",
                    "Efisiensi bahan  bakar lebih irit 3 persen",
                    "Punya 3 driving mode"
                ]
            },
            "foto": [
                "Image/honda/Honda PCX Hybrid.png"
            ],
            "harga": {
                "harian": 100000,
                "mingguan": 500000
            },
            "special": false
        },
        {
            "id": "hnd005",
            "merk": "Honda",
            "type": "Forza",
            "spesifikasi": {
                "Mesin": "250cc",
                "tahun": 2018,
                "kilometer": 1209,
                "detail": [
                    "Desain Mewah",
                    "Mesin bertenaga",
                    "Electric windshield",
                    "Speedometer dengan multi information display(MID)"
                ]
            },
            "foto": [
                "Image/honda/Honda Forza.png"
            ],
            "harga": {
                "harian": 100000,
                "mingguan": 500000
            },
            "special": true
        },
        {
            "id": "hnd006",
            "merk": "Honda",
            "type": "ADV150",
            "spesifikasi": {
                "Mesin": "150cc",
                "tahun": 2018,
                "kilometer": 1209,
                "detail": [
                    "Memiliki Kokpit yang luas",
                    "Mesin khas motor adventure"
                ]
            },
            "foto": [
                "Image/honda/Honda ADV 150.png"
            ],
            "harga": {
                "harian": 100000,
                "mingguan": 500000
            },
            "special": false
        },
        {
            "id": "hnd007",
            "merk": "Honda",
            "type": "CB150 Verza",
            "spesifikasi": {
                "Mesin": "150cc",
                "tahun": 2019,
                "kilometer": 1209,
                "detail": [
                    "Tampang Baru",
                    "Lincah dan Tangguh"
                ]
            },
            "foto": [
                "Image/honda/Honda CB150 Verza.png"
            ],
            "harga": {
                "harian": 100000,
                "mingguan": 500000
            },
            "special": false
        },
        {
            "id": "hnd008",
            "merk": "Honda",
            "type": "CBR 150 R",
            "spesifikasi": {
                "Mesin": "150cc",
                "tahun": 2019,
                "kilometer": 1209,
                "detail": [
                    "Desain yang modern",
                    "Mesin berkapasitas 150CC"
                ]
            },
            "foto": [
                "Image/honda/Honda CBR 150 R.png"
            ],
            "harga": {
                "harian": 100000,
                "mingguan": 500000
            },
            "special": false
        },
        {
            "id": "szk001",
            "merk": "Suzuki",
            "type": "Smash FI",
            "spesifikasi": {
                "Mesin": "110cc",
                "tahun": 2018,
                "kilometer": 1209,
                "detail": [
                    "Mesin Tangguh",
                    "Bobot ringan",
                    "Kunci kontak dengan pengaman"
                ]
            },
            "foto": [
                "Image/suzuki/Suzuki Smash FI.png"
            ],
            "harga": {
                "harian": 100000,
                "mingguan": 500000
            },
            "special": false
        },
        {
            "id": "szk002",
            "merk": "Suzuki",
            "type": "Nex II cross",
            "spesifikasi": {
                "Mesin": "115cc",
                "tahun": 2016,
                "kilometer": 1209,
                "detail": [
                    "Tampilan bodi yang keren",
                    "Memiliki sejumlah fitur yang menarik",
                    "Menggunakan teknologi Suzuki Eco Perfomance (SEP)"
                ]
            },
            "foto": [
                "Image/suzuki/Suzuki Nex II cross.png"
            ],
            "harga": {
                "harian": 100000,
                "mingguan": 500000
            },
            "special": false
        },
        {
            "id": "szk003",
            "merk": "Suzuki",
            "type": "Satria F150",
            "spesifikasi": {
                "Mesin": "150cc",
                "tahun": 2017,
                "kilometer": 1209,
                "detail": [
                    "Bobot ringan",
                    "Speedometer digital"
                ]
            },
            "foto": [
                "Image/suzuki/Suzuki satria F150.png"
            ],
            "harga": {
                "harian": 100000,
                "mingguan": 500000
            },
            "special": false
        },
        {
            "id": "szk004",
            "merk": "Suzuki",
            "type": "GSX150 Bandit",
            "spesifikasi": {
                "Mesin": "150cc",
                "tahun": 2018,
                "kilometer": 1209,
                "detail": [
                    "Design All-round",
                    "Mesin 150CC"
                ]
            },
            "foto": [
                "Image/suzuki/Suzuki GSX150 Bandit.jpg"
            ],
            "harga": {
                "harian": 100000,
                "mingguan": 500000
            },
            "special": false
        },
        {
            "id": "szk005",
            "merk": "Suzuki",
            "type": "GSX-S150",
            "spesifikasi": {
                "Mesin": "150cc",
                "tahun": 2018,
                "kilometer": 1209,
                "detail": [
                    "Performa mesin yang bagus",
                    "Menggunakan LED",
                    "Tangki BBM besar"
                ]
            },
            "foto": [
                "Image/suzuki/Suzuki GSX-S150.jpg"
            ],
            "harga": {
                "harian": 100000,
                "mingguan": 500000
            },
            "special": false
        },
        {
            "id": "hly001",
            "merk": "Harley Davidson",
            "type": "Street Bob",
            "spesifikasi": {
                "Mesin": "1745cc",
                "tahun": 2018,
                "kilometer": 1209,
                "detail": [
                    "Mesin Milwaukee-Eight 107",
                    "Rangka Softail",
                    "Gaya Raw Bobber sederhana",
                    "Teknologi Minimalis dan Modern",
                    "Suspensi depan berperforma tinggi",
                    "Mono Shock berperforma tinggi"
                ]
            },
            "foto": [
                "Image/harleydavidson/street bob.jpg"
            ],
            "harga": {
                "harian": 100000,
                "mingguan": 500000
            },
            "special": true
        },
        {
            "id": "hly002",
            "merk": "Harley Davidson",
            "type": "Fat Bob",
            "spesifikasi": {
                "Mesin": "1868cc",
                "tahun": 2018,
                "kilometer": 1209,
                "detail": [
                    "Desain baru sangat revolusioner",
                    "Penggunaan mesin Milwaukee-Eight 117 bertorsi besar",
                    "Penggunaan pelek besar futuristik tanpa menghilangkan desain khas Fat Boy"
                ]
            },
            "foto": [
                "Image/harleydavidson/Fat Bob.jpg"
            ],
            "harga": {
                "harian": 100000,
                "mingguan": 500000
            },
            "special": true
        },
        {
            "id": "hly003",
            "merk": "Harley Davidson",
            "type": "Forty-Eight",
            "spesifikasi": {
                "Mesin": "1202 cc",
                "tahun": 2018,
                "kilometer": 1209,
                "detail": [
                    "Suara mesin dua silinder khas Harley Davidson",
                    "Desain bagus dan mudah disukai"
                ]
            },
            "foto": [
                "Image/harleydavidson/Forty-eight.jpg"
            ],
            "harga": {
                "harian": 100000,
                "mingguan": 500000
            },
            "special": true
        },
        {
            "id": "hly004",
            "merk": "Harley Davidson",
            "type": "Ultra",
            "spesifikasi": {
                "Mesin": "1923cc",
                "tahun": 2018,
                "kilometer": 1209,
                "detail": [
                    "Fitur untuk kebutuhan touring sangat melimpah",
                    "Model modern dengan sedikit sentuhan klasik yang menarik",
                    "Penggunaan mesin 1.923 cc yang menghasilkan torsi besar",
                    "Lampu sudah LED"
                ]
            },
            "foto": [
                "Image/harleydavidson/Ultra.jpg"
            ],
            "harga": {
                "harian": 100000,
                "mingguan": 500000
            },
            "special": true
        }
    ]
}